id,name,model_id:id,group_id:id,perm_read,perm_write,perm_create,perm_unlink
access_hr_hospital_doctor,access_hr_hospital_doctor,hr_hospital.model_hr_hospital_doctor,base.group_user,1,1,1,1
access_hr_hospital_patient,access_hr_hospital_patient,hr_hospital.model_hr_hospital_patient,base.group_user,1,1,1,1
access_hr_hospital_disease,access_hr_hospital_disease,hr_hospital.model_hr_hospital_disease,base.group_user,1,1,1,1
access_hr_hospital_visit,access_hr_hospital_visit,hr_hospital.model_hr_hospital_visit,base.group_user,1,1,1,1
access_hr_hospital_diagnosis,access_hr_hospital_diagnosis,hr_hospital.model_hr_hospital_diagnosis,base.group_user,1,1,1,1
access_hr_hospital_bulk_doctor_assignment,access_hr_hospital_bulk_doctor_assignment,hr_hospital.model_hr_hospital_bulk_doctor_assignment,base.group_user,1,1,1,1
access_hr_hospital_disease_report,access_hr_hospital_disease_report,hr_hospital.model_hr_hospital_disease_report,base.group_user,1,1,1,1