<?xml version="1.0" encoding="utf-8"?>
<odoo noupdate="1">
    <record id="ir_cron_update_patient_age" model="ir.cron">
        <field name="name">Update Patient Age</field>
        <field name="model_id" ref="model_hr_hospital_patient"/>
        <field name="state">code</field>
        <field name="code">model._update_all_ages()</field>
        <field name="interval_number">1</field>
        <field name="interval_type">days</field>
        <field name="numbercall">-1</field>
        <field name="doall" eval="False"/>
        <field name="active" eval="True"/>
    </record>
</odoo>
